<?xml version="1.0" encoding="utf-8"?>
<extension version="3.8" type="plugin" group="system" method="upgrade">
  <name>plg_system_jce</name>
  <version>2.9.36</version>
  <creationDate>23-03-2023</creationDate>
  <author>Ryan Demmer</author>
  <authorEmail>info@joomlacontenteditor.net</authorEmail>
  <authorUrl>http://www.joomlacontenteditor.net</authorUrl>
  <copyright>Copyright (C) 2006 - 2023 Ryan Demmer. All rights reserved</copyright>
  <license>GNU/GPL Version 2 or later - http://www.gnu.org/licenses/gpl-2.0.html</license>
  <description>PLG_SYSTEM_JCE_XML_DESCRIPTION</description>
  <files folder="plugins/system/jce">
    <file plugin="jce">jce.php</file>
    <folder>css</folder>
    <folder>js</folder>
    <folder>templates</folder>
  </files>
  <languages folder="administrator/language/en-GB">
    <language tag="en-GB">en-GB.plg_system_jce.ini</language>
    <language tag="en-GB">en-GB.plg_system_jce.sys.ini</language>
  </languages>

  <config>
    <fields name="params">
      <fieldset name="options">
        <field name="column_styles" type="radio" default="1" label="PLG_SYSTEM_JCE_COLUMN_STYLES_LABEL" description="PLG_SYSTEM_JCE_COLUMN_STYLES_DESC" class="btn-group btn-group-yesno">
          <option value="1">JYES</option>
          <option value="0">JNO</option>
        </field>
      </fieldset>
    </fields>
  </config>

</extension>
