<?xml version="1.0" encoding="utf-8"?>
<extension version="3.8" type="plugin" group="quickicon" method="upgrade">
	<name>plg_quickicon_jce</name>
	<version>2.9.36</version>
    <creationDate>23-03-2023</creationDate>
    <author>Ryan Demmer</author>
    <authorEmail>info@joomlacontenteditor.net</authorEmail>
    <authorUrl>http://www.joomlacontenteditor.net</authorUrl>
    <copyright>Copyright (C) 2006 - 2023 Ryan Demmer. All rights reserved</copyright>
    <license>GNU/GPL Version 2 or later - http://www.gnu.org/licenses/gpl-2.0.html</license>
	<description>PLG_QUICKICON_JCE_XML_DESCRIPTION</description>
	<files folder="plugins/quickicon/jce">
		<filename plugin="jce">jce.php</filename>
	</files>
	<languages folder="administrator/language/en-GB">
      <language tag="en-GB">en-GB.plg_quickicon_jce.ini</language>
      <language tag="en-GB">en-GB.plg_quickicon_jce.sys.ini</language>
  </languages>
</extension>
